CREATE DATABASE  IF NOT EXISTS `masajes` /*!40100 DEFAULT CHARACTER SET utf8mb4 COLLATE utf8mb4_spanish2_ci */;
USE `masajes`;
-- MySQL dump 10.13  Distrib 8.0.12, for Win64 (x86_64)
--
-- Host: 127.0.0.1    Database: masajes
-- ------------------------------------------------------
-- Server version	8.0.12

/*!40101 SET @OLD_CHARACTER_SET_CLIENT=@@CHARACTER_SET_CLIENT */;
/*!40101 SET @OLD_CHARACTER_SET_RESULTS=@@CHARACTER_SET_RESULTS */;
/*!40101 SET @OLD_COLLATION_CONNECTION=@@COLLATION_CONNECTION */;
 SET NAMES utf8 ;
/*!40103 SET @OLD_TIME_ZONE=@@TIME_ZONE */;
/*!40103 SET TIME_ZONE='+00:00' */;
/*!40014 SET @OLD_UNIQUE_CHECKS=@@UNIQUE_CHECKS, UNIQUE_CHECKS=0 */;
/*!40014 SET @OLD_FOREIGN_KEY_CHECKS=@@FOREIGN_KEY_CHECKS, FOREIGN_KEY_CHECKS=0 */;
/*!40101 SET @OLD_SQL_MODE=@@SQL_MODE, SQL_MODE='NO_AUTO_VALUE_ON_ZERO' */;
/*!40111 SET @OLD_SQL_NOTES=@@SQL_NOTES, SQL_NOTES=0 */;

--
-- Table structure for table `clientes`
--

DROP TABLE IF EXISTS `clientes`;
/*!40101 SET @saved_cs_client     = @@character_set_client */;
 SET character_set_client = utf8mb4 ;
CREATE TABLE `clientes` (
  `idclientes` int(11) NOT NULL AUTO_INCREMENT,
  `nombre` varchar(45) COLLATE utf8mb4_spanish2_ci NOT NULL,
  `apellidos` varchar(90) COLLATE utf8mb4_spanish2_ci DEFAULT NULL,
  `dni` char(9) COLLATE utf8mb4_spanish2_ci DEFAULT NULL,
  PRIMARY KEY (`idclientes`)
) ENGINE=InnoDB AUTO_INCREMENT=20 DEFAULT CHARSET=utf8mb4 COLLATE=utf8mb4_spanish2_ci;
/*!40101 SET character_set_client = @saved_cs_client */;

--
-- Dumping data for table `clientes`
--

LOCK TABLES `clientes` WRITE;
/*!40000 ALTER TABLE `clientes` DISABLE KEYS */;
INSERT INTO `clientes` VALUES (1,'Roberto','Hoyales Gil','71221321D'),(2,'Vanesa','Romero Cuesta','74112588Y'),(6,'Miguelito','Minguez Mengual','78785421N'),(8,'Minguito','Lorenzo Grijalba','72514585V'),(9,'Lara','Alvarez Serna','75856555K'),(11,'Pepe Luis','Gonzalez Ruiz','71252222A'),(12,'Ramon-Cajal','Pelaez','75236363K'),(13,'María','Pascual Del Amo','11212121S'),(14,'Monica','Cruz Alegre','75448653L'),(15,'Venancio','Perez Robledo','75448222J'),(16,'Fran','Cisco Alegre','75228965P'),(19,'zxf','sdfdsf','555555555');
/*!40000 ALTER TABLE `clientes` ENABLE KEYS */;
UNLOCK TABLES;
/*!50003 SET @saved_cs_client      = @@character_set_client */ ;
/*!50003 SET @saved_cs_results     = @@character_set_results */ ;
/*!50003 SET @saved_col_connection = @@collation_connection */ ;
/*!50003 SET character_set_client  = utf8 */ ;
/*!50003 SET character_set_results = utf8 */ ;
/*!50003 SET collation_connection  = utf8_general_ci */ ;
/*!50003 SET @saved_sql_mode       = @@sql_mode */ ;
/*!50003 SET sql_mode              = 'NO_AUTO_VALUE_ON_ZERO' */ ;
DELIMITER ;;
/*!50003 CREATE*/ /*!50017 DEFINER=`root`@`localhost`*/ /*!50003 TRIGGER `clientes_BEFORE_INSERT` BEFORE INSERT ON `clientes` FOR EACH ROW BEGIN
	INSERT INTO historial (tabla, accion) VALUES ('clientes','antes de insertar');
END */;;
DELIMITER ;
/*!50003 SET sql_mode              = @saved_sql_mode */ ;
/*!50003 SET character_set_client  = @saved_cs_client */ ;
/*!50003 SET character_set_results = @saved_cs_results */ ;
/*!50003 SET collation_connection  = @saved_col_connection */ ;
/*!50003 SET @saved_cs_client      = @@character_set_client */ ;
/*!50003 SET @saved_cs_results     = @@character_set_results */ ;
/*!50003 SET @saved_col_connection = @@collation_connection */ ;
/*!50003 SET character_set_client  = utf8 */ ;
/*!50003 SET character_set_results = utf8 */ ;
/*!50003 SET collation_connection  = utf8_general_ci */ ;
/*!50003 SET @saved_sql_mode       = @@sql_mode */ ;
/*!50003 SET sql_mode              = 'NO_AUTO_VALUE_ON_ZERO' */ ;
DELIMITER ;;
/*!50003 CREATE*/ /*!50017 DEFINER=`root`@`localhost`*/ /*!50003 TRIGGER `clientes_AFTER_INSERT` AFTER INSERT ON `clientes` FOR EACH ROW BEGIN
	INSERT INTO historial (tabla, accion) VALUES ('clientes','cliente insertado');

END */;;
DELIMITER ;
/*!50003 SET sql_mode              = @saved_sql_mode */ ;
/*!50003 SET character_set_client  = @saved_cs_client */ ;
/*!50003 SET character_set_results = @saved_cs_results */ ;
/*!50003 SET collation_connection  = @saved_col_connection */ ;
/*!50003 SET @saved_cs_client      = @@character_set_client */ ;
/*!50003 SET @saved_cs_results     = @@character_set_results */ ;
/*!50003 SET @saved_col_connection = @@collation_connection */ ;
/*!50003 SET character_set_client  = utf8 */ ;
/*!50003 SET character_set_results = utf8 */ ;
/*!50003 SET collation_connection  = utf8_general_ci */ ;
/*!50003 SET @saved_sql_mode       = @@sql_mode */ ;
/*!50003 SET sql_mode              = 'NO_AUTO_VALUE_ON_ZERO' */ ;
DELIMITER ;;
/*!50003 CREATE*/ /*!50017 DEFINER=`root`@`localhost`*/ /*!50003 TRIGGER `clientes_BEFORE_UPDATE` BEFORE UPDATE ON `clientes` FOR EACH ROW BEGIN
	INSERT INTO historial (tabla, accion) VALUES ('clientes','antes de actualizar');
END */;;
DELIMITER ;
/*!50003 SET sql_mode              = @saved_sql_mode */ ;
/*!50003 SET character_set_client  = @saved_cs_client */ ;
/*!50003 SET character_set_results = @saved_cs_results */ ;
/*!50003 SET collation_connection  = @saved_col_connection */ ;
/*!50003 SET @saved_cs_client      = @@character_set_client */ ;
/*!50003 SET @saved_cs_results     = @@character_set_results */ ;
/*!50003 SET @saved_col_connection = @@collation_connection */ ;
/*!50003 SET character_set_client  = utf8 */ ;
/*!50003 SET character_set_results = utf8 */ ;
/*!50003 SET collation_connection  = utf8_general_ci */ ;
/*!50003 SET @saved_sql_mode       = @@sql_mode */ ;
/*!50003 SET sql_mode              = 'NO_AUTO_VALUE_ON_ZERO' */ ;
DELIMITER ;;
/*!50003 CREATE*/ /*!50017 DEFINER=`root`@`localhost`*/ /*!50003 TRIGGER `clientes_AFTER_UPDATE` AFTER UPDATE ON `clientes` FOR EACH ROW BEGIN
	INSERT INTO historial (tabla, accion) VALUES ('clientes','cliente actualizado');

END */;;
DELIMITER ;
/*!50003 SET sql_mode              = @saved_sql_mode */ ;
/*!50003 SET character_set_client  = @saved_cs_client */ ;
/*!50003 SET character_set_results = @saved_cs_results */ ;
/*!50003 SET collation_connection  = @saved_col_connection */ ;
/*!50003 SET @saved_cs_client      = @@character_set_client */ ;
/*!50003 SET @saved_cs_results     = @@character_set_results */ ;
/*!50003 SET @saved_col_connection = @@collation_connection */ ;
/*!50003 SET character_set_client  = utf8 */ ;
/*!50003 SET character_set_results = utf8 */ ;
/*!50003 SET collation_connection  = utf8_general_ci */ ;
/*!50003 SET @saved_sql_mode       = @@sql_mode */ ;
/*!50003 SET sql_mode              = 'NO_AUTO_VALUE_ON_ZERO' */ ;
DELIMITER ;;
/*!50003 CREATE*/ /*!50017 DEFINER=`root`@`localhost`*/ /*!50003 TRIGGER `clientes_BEFORE_DELETE` BEFORE DELETE ON `clientes` FOR EACH ROW BEGIN
	INSERT INTO historial (tabla, accion) VALUES ('clientes','antes de eliminar');

END */;;
DELIMITER ;
/*!50003 SET sql_mode              = @saved_sql_mode */ ;
/*!50003 SET character_set_client  = @saved_cs_client */ ;
/*!50003 SET character_set_results = @saved_cs_results */ ;
/*!50003 SET collation_connection  = @saved_col_connection */ ;
/*!50003 SET @saved_cs_client      = @@character_set_client */ ;
/*!50003 SET @saved_cs_results     = @@character_set_results */ ;
/*!50003 SET @saved_col_connection = @@collation_connection */ ;
/*!50003 SET character_set_client  = utf8 */ ;
/*!50003 SET character_set_results = utf8 */ ;
/*!50003 SET collation_connection  = utf8_general_ci */ ;
/*!50003 SET @saved_sql_mode       = @@sql_mode */ ;
/*!50003 SET sql_mode              = 'NO_AUTO_VALUE_ON_ZERO' */ ;
DELIMITER ;;
/*!50003 CREATE*/ /*!50017 DEFINER=`root`@`localhost`*/ /*!50003 TRIGGER `clientes_AFTER_DELETE` AFTER DELETE ON `clientes` FOR EACH ROW BEGIN
	INSERT INTO historial (tabla, accion) VALUES ('clientes','cliente eliminado');

END */;;
DELIMITER ;
/*!50003 SET sql_mode              = @saved_sql_mode */ ;
/*!50003 SET character_set_client  = @saved_cs_client */ ;
/*!50003 SET character_set_results = @saved_cs_results */ ;
/*!50003 SET collation_connection  = @saved_col_connection */ ;

--
-- Temporary view structure for view `clientes_vip_y_servicios`
--

DROP TABLE IF EXISTS `clientes_vip_y_servicios`;
/*!50001 DROP VIEW IF EXISTS `clientes_vip_y_servicios`*/;
SET @saved_cs_client     = @@character_set_client;
SET character_set_client = utf8mb4;
/*!50001 CREATE VIEW `clientes_vip_y_servicios` AS SELECT 
 1 AS `idcliente`,
 1 AS `cnombre`,
 1 AS `capellidos`,
 1 AS `idservicio`,
 1 AS `snombre`,
 1 AS `sprecio`*/;
SET character_set_client = @saved_cs_client;

--
-- Temporary view structure for view `clientes_vip_y_serviciosdni`
--

DROP TABLE IF EXISTS `clientes_vip_y_serviciosdni`;
/*!50001 DROP VIEW IF EXISTS `clientes_vip_y_serviciosdni`*/;
SET @saved_cs_client     = @@character_set_client;
SET character_set_client = utf8mb4;
/*!50001 CREATE VIEW `clientes_vip_y_serviciosdni` AS SELECT 
 1 AS `idcliente`,
 1 AS `cnombre`,
 1 AS `capellidos`,
 1 AS `idservicio`,
 1 AS `snombre`,
 1 AS `sprecio`*/;
SET character_set_client = @saved_cs_client;

--
-- Temporary view structure for view `clientesgetall`
--

DROP TABLE IF EXISTS `clientesgetall`;
/*!50001 DROP VIEW IF EXISTS `clientesgetall`*/;
SET @saved_cs_client     = @@character_set_client;
SET character_set_client = utf8mb4;
/*!50001 CREATE VIEW `clientesgetall` AS SELECT 
 1 AS `idclientes`,
 1 AS `nombre`,
 1 AS `apellidos`,
 1 AS `dni`*/;
SET character_set_client = @saved_cs_client;

--
-- Table structure for table `historial`
--

DROP TABLE IF EXISTS `historial`;
/*!40101 SET @saved_cs_client     = @@character_set_client */;
 SET character_set_client = utf8mb4 ;
CREATE TABLE `historial` (
  `id` int(11) NOT NULL AUTO_INCREMENT,
  `fecha` datetime NOT NULL DEFAULT CURRENT_TIMESTAMP,
  `tabla` varchar(45) COLLATE utf8mb4_spanish2_ci NOT NULL,
  `accion` varchar(45) COLLATE utf8mb4_spanish2_ci NOT NULL,
  PRIMARY KEY (`id`)
) ENGINE=InnoDB AUTO_INCREMENT=23 DEFAULT CHARSET=utf8mb4 COLLATE=utf8mb4_spanish2_ci;
/*!40101 SET character_set_client = @saved_cs_client */;

--
-- Dumping data for table `historial`
--

LOCK TABLES `historial` WRITE;
/*!40000 ALTER TABLE `historial` DISABLE KEYS */;
INSERT INTO `historial` VALUES (1,'2020-02-26 09:38:41','clientes','antes de insertar'),(2,'2020-02-26 09:38:41','clientes','cliente insertado'),(3,'2020-02-26 09:38:56','clientes','antes de actualizar'),(4,'2020-02-26 09:38:56','clientes','cliente actualizado'),(5,'2020-02-26 09:39:01','clientes','antes de eliminar'),(6,'2020-02-26 09:39:01','clientes','cliente eliminado'),(7,'2020-02-26 09:41:50','sesiones','antes de insertar'),(8,'2020-02-26 09:41:50','sesiones','sesión insertada'),(9,'2020-02-26 09:42:07','sesiones','antes de actualizar'),(10,'2020-02-26 09:42:07','sesiones','sesión actualizada'),(11,'2020-02-26 09:42:11','sesiones','antes de aliminar'),(12,'2020-02-26 09:42:11','sesiones','sesión eliminada'),(13,'2020-02-26 09:42:27','sesiones','antes de actualizar'),(14,'2020-02-26 09:42:27','sesiones','sesión actualizada'),(15,'2020-02-26 09:04:08','sesiones','antes de insertar'),(16,'2020-02-26 09:04:08','sesiones','sesión insertada'),(17,'2020-02-26 09:04:35','sesiones','antes de actualizar'),(18,'2020-02-26 09:04:35','sesiones','sesión actualizada'),(19,'2020-02-26 09:04:45','sesiones','antes de aliminar'),(20,'2020-02-26 09:04:45','sesiones','sesión eliminada'),(21,'2020-02-26 10:22:06','clientes','antes de insertar'),(22,'2020-02-26 10:22:06','clientes','cliente insertado');
/*!40000 ALTER TABLE `historial` ENABLE KEYS */;
UNLOCK TABLES;

--
-- Table structure for table `servicios`
--

DROP TABLE IF EXISTS `servicios`;
/*!40101 SET @saved_cs_client     = @@character_set_client */;
 SET character_set_client = utf8mb4 ;
CREATE TABLE `servicios` (
  `idservicios` int(11) NOT NULL AUTO_INCREMENT,
  `nombre` varchar(45) COLLATE utf8mb4_spanish2_ci NOT NULL,
  `precio` decimal(6,3) NOT NULL,
  PRIMARY KEY (`idservicios`)
) ENGINE=InnoDB AUTO_INCREMENT=10 DEFAULT CHARSET=utf8mb4 COLLATE=utf8mb4_spanish2_ci;
/*!40101 SET character_set_client = @saved_cs_client */;

--
-- Dumping data for table `servicios`
--

LOCK TABLES `servicios` WRITE;
/*!40000 ALTER TABLE `servicios` DISABLE KEYS */;
INSERT INTO `servicios` VALUES (1,'Masaje a cuatro manos',48.255),(4,'Masaje exfoliante bambú',75.125),(5,'Masaje antiestress',60.552),(6,'Masaje de manos',20.525),(7,'Masaje descontracturante',84.876),(8,'Masaje tailandes',76.376);
/*!40000 ALTER TABLE `servicios` ENABLE KEYS */;
UNLOCK TABLES;

--
-- Table structure for table `sesiones`
--

DROP TABLE IF EXISTS `sesiones`;
/*!40101 SET @saved_cs_client     = @@character_set_client */;
 SET character_set_client = utf8mb4 ;
CREATE TABLE `sesiones` (
  `id` int(11) NOT NULL AUTO_INCREMENT,
  `clientes_idclientes` int(11) NOT NULL,
  `trabajadores_idtrabajadores` int(11) NOT NULL,
  `servicios_idservicios` int(11) NOT NULL,
  `fecha` datetime NOT NULL,
  `resena` text COLLATE utf8mb4_spanish2_ci,
  `calificacion` varchar(15) COLLATE utf8mb4_spanish2_ci DEFAULT NULL,
  PRIMARY KEY (`id`),
  UNIQUE KEY `actuacion_UNIQUE` (`clientes_idclientes`,`trabajadores_idtrabajadores`,`servicios_idservicios`,`fecha`),
  KEY `fk_actuaciones_clientes_idx` (`clientes_idclientes`),
  KEY `fk_actuaciones_trabajadores1_idx` (`trabajadores_idtrabajadores`),
  KEY `fk_actuaciones_servicios1_idx` (`servicios_idservicios`),
  CONSTRAINT `fk_actuaciones_clientes` FOREIGN KEY (`clientes_idclientes`) REFERENCES `clientes` (`idclientes`),
  CONSTRAINT `fk_actuaciones_servicios1` FOREIGN KEY (`servicios_idservicios`) REFERENCES `servicios` (`idservicios`),
  CONSTRAINT `fk_actuaciones_trabajadores1` FOREIGN KEY (`trabajadores_idtrabajadores`) REFERENCES `trabajadores` (`idtrabajadores`)
) ENGINE=InnoDB AUTO_INCREMENT=33 DEFAULT CHARSET=utf8mb4 COLLATE=utf8mb4_spanish2_ci;
/*!40101 SET character_set_client = @saved_cs_client */;

--
-- Dumping data for table `sesiones`
--

LOCK TABLES `sesiones` WRITE;
/*!40000 ALTER TABLE `sesiones` DISABLE KEYS */;
INSERT INTO `sesiones` VALUES (5,6,2,4,'2020-03-04 23:00:00','Ni fu ni faaa pero bueno,bien','Aceptable'),(19,1,1,1,'2020-02-06 21:22:00','biennn','Aceptable'),(21,1,1,1,'2019-02-05 00:00:00','Bien','Aceptable'),(22,6,6,1,'2020-01-31 23:00:00','Ni fu ni faaa','Aceptable'),(23,1,1,1,'2020-02-27 23:00:00','no fue nada bien','No recomendable'),(24,6,4,1,'2020-02-01 11:11:00','suuuuuper bien todo','Para repetir'),(26,6,2,1,'2020-02-05 14:22:00','No ha estado nada mal','Aceptable'),(27,2,2,5,'2015-11-21 10:01:00','Fue todo genial','Para repetir'),(28,14,2,4,'2020-02-07 13:22:00','Muy corta...','Aceptable'),(30,6,8,4,'2020-02-07 13:22:05','bien','Aceptable'),(31,1,8,7,'2001-11-14 22:22:00','','Aceptable');
/*!40000 ALTER TABLE `sesiones` ENABLE KEYS */;
UNLOCK TABLES;
/*!50003 SET @saved_cs_client      = @@character_set_client */ ;
/*!50003 SET @saved_cs_results     = @@character_set_results */ ;
/*!50003 SET @saved_col_connection = @@collation_connection */ ;
/*!50003 SET character_set_client  = utf8 */ ;
/*!50003 SET character_set_results = utf8 */ ;
/*!50003 SET collation_connection  = utf8_general_ci */ ;
/*!50003 SET @saved_sql_mode       = @@sql_mode */ ;
/*!50003 SET sql_mode              = 'NO_AUTO_VALUE_ON_ZERO' */ ;
DELIMITER ;;
/*!50003 CREATE*/ /*!50017 DEFINER=`root`@`localhost`*/ /*!50003 TRIGGER `sesiones_BEFORE_INSERT` BEFORE INSERT ON `sesiones` FOR EACH ROW BEGIN
	INSERT INTO historial (tabla, accion) VALUES ('sesiones','antes de insertar');
END */;;
DELIMITER ;
/*!50003 SET sql_mode              = @saved_sql_mode */ ;
/*!50003 SET character_set_client  = @saved_cs_client */ ;
/*!50003 SET character_set_results = @saved_cs_results */ ;
/*!50003 SET collation_connection  = @saved_col_connection */ ;
/*!50003 SET @saved_cs_client      = @@character_set_client */ ;
/*!50003 SET @saved_cs_results     = @@character_set_results */ ;
/*!50003 SET @saved_col_connection = @@collation_connection */ ;
/*!50003 SET character_set_client  = utf8 */ ;
/*!50003 SET character_set_results = utf8 */ ;
/*!50003 SET collation_connection  = utf8_general_ci */ ;
/*!50003 SET @saved_sql_mode       = @@sql_mode */ ;
/*!50003 SET sql_mode              = 'NO_AUTO_VALUE_ON_ZERO' */ ;
DELIMITER ;;
/*!50003 CREATE*/ /*!50017 DEFINER=`root`@`localhost`*/ /*!50003 TRIGGER `sesiones_AFTER_INSERT` AFTER INSERT ON `sesiones` FOR EACH ROW BEGIN
	INSERT INTO historial (tabla, accion) VALUES ('sesiones','sesión insertada');

END */;;
DELIMITER ;
/*!50003 SET sql_mode              = @saved_sql_mode */ ;
/*!50003 SET character_set_client  = @saved_cs_client */ ;
/*!50003 SET character_set_results = @saved_cs_results */ ;
/*!50003 SET collation_connection  = @saved_col_connection */ ;
/*!50003 SET @saved_cs_client      = @@character_set_client */ ;
/*!50003 SET @saved_cs_results     = @@character_set_results */ ;
/*!50003 SET @saved_col_connection = @@collation_connection */ ;
/*!50003 SET character_set_client  = utf8 */ ;
/*!50003 SET character_set_results = utf8 */ ;
/*!50003 SET collation_connection  = utf8_general_ci */ ;
/*!50003 SET @saved_sql_mode       = @@sql_mode */ ;
/*!50003 SET sql_mode              = 'NO_AUTO_VALUE_ON_ZERO' */ ;
DELIMITER ;;
/*!50003 CREATE*/ /*!50017 DEFINER=`root`@`localhost`*/ /*!50003 TRIGGER `sesiones_BEFORE_UPDATE` BEFORE UPDATE ON `sesiones` FOR EACH ROW BEGIN
	INSERT INTO historial (tabla, accion) VALUES ('sesiones','antes de actualizar');

END */;;
DELIMITER ;
/*!50003 SET sql_mode              = @saved_sql_mode */ ;
/*!50003 SET character_set_client  = @saved_cs_client */ ;
/*!50003 SET character_set_results = @saved_cs_results */ ;
/*!50003 SET collation_connection  = @saved_col_connection */ ;
/*!50003 SET @saved_cs_client      = @@character_set_client */ ;
/*!50003 SET @saved_cs_results     = @@character_set_results */ ;
/*!50003 SET @saved_col_connection = @@collation_connection */ ;
/*!50003 SET character_set_client  = utf8 */ ;
/*!50003 SET character_set_results = utf8 */ ;
/*!50003 SET collation_connection  = utf8_general_ci */ ;
/*!50003 SET @saved_sql_mode       = @@sql_mode */ ;
/*!50003 SET sql_mode              = 'NO_AUTO_VALUE_ON_ZERO' */ ;
DELIMITER ;;
/*!50003 CREATE*/ /*!50017 DEFINER=`root`@`localhost`*/ /*!50003 TRIGGER `sesiones_AFTER_UPDATE` AFTER UPDATE ON `sesiones` FOR EACH ROW BEGIN
	INSERT INTO historial (tabla, accion) VALUES ('sesiones','sesión actualizada');

END */;;
DELIMITER ;
/*!50003 SET sql_mode              = @saved_sql_mode */ ;
/*!50003 SET character_set_client  = @saved_cs_client */ ;
/*!50003 SET character_set_results = @saved_cs_results */ ;
/*!50003 SET collation_connection  = @saved_col_connection */ ;
/*!50003 SET @saved_cs_client      = @@character_set_client */ ;
/*!50003 SET @saved_cs_results     = @@character_set_results */ ;
/*!50003 SET @saved_col_connection = @@collation_connection */ ;
/*!50003 SET character_set_client  = utf8 */ ;
/*!50003 SET character_set_results = utf8 */ ;
/*!50003 SET collation_connection  = utf8_general_ci */ ;
/*!50003 SET @saved_sql_mode       = @@sql_mode */ ;
/*!50003 SET sql_mode              = 'NO_AUTO_VALUE_ON_ZERO' */ ;
DELIMITER ;;
/*!50003 CREATE*/ /*!50017 DEFINER=`root`@`localhost`*/ /*!50003 TRIGGER `sesiones_BEFORE_DELETE` BEFORE DELETE ON `sesiones` FOR EACH ROW BEGIN
	INSERT INTO historial (tabla, accion) VALUES ('sesiones','antes de aliminar');

END */;;
DELIMITER ;
/*!50003 SET sql_mode              = @saved_sql_mode */ ;
/*!50003 SET character_set_client  = @saved_cs_client */ ;
/*!50003 SET character_set_results = @saved_cs_results */ ;
/*!50003 SET collation_connection  = @saved_col_connection */ ;
/*!50003 SET @saved_cs_client      = @@character_set_client */ ;
/*!50003 SET @saved_cs_results     = @@character_set_results */ ;
/*!50003 SET @saved_col_connection = @@collation_connection */ ;
/*!50003 SET character_set_client  = utf8 */ ;
/*!50003 SET character_set_results = utf8 */ ;
/*!50003 SET collation_connection  = utf8_general_ci */ ;
/*!50003 SET @saved_sql_mode       = @@sql_mode */ ;
/*!50003 SET sql_mode              = 'NO_AUTO_VALUE_ON_ZERO' */ ;
DELIMITER ;;
/*!50003 CREATE*/ /*!50017 DEFINER=`root`@`localhost`*/ /*!50003 TRIGGER `sesiones_AFTER_DELETE` AFTER DELETE ON `sesiones` FOR EACH ROW BEGIN
	INSERT INTO historial (tabla, accion) VALUES ('sesiones','sesión eliminada');

END */;;
DELIMITER ;
/*!50003 SET sql_mode              = @saved_sql_mode */ ;
/*!50003 SET character_set_client  = @saved_cs_client */ ;
/*!50003 SET character_set_results = @saved_cs_results */ ;
/*!50003 SET collation_connection  = @saved_col_connection */ ;

--
-- Table structure for table `trabajadores`
--

DROP TABLE IF EXISTS `trabajadores`;
/*!40101 SET @saved_cs_client     = @@character_set_client */;
 SET character_set_client = utf8mb4 ;
CREATE TABLE `trabajadores` (
  `idtrabajadores` int(11) NOT NULL AUTO_INCREMENT,
  `nombre` varchar(45) COLLATE utf8mb4_spanish2_ci NOT NULL,
  `apellidos` varchar(90) COLLATE utf8mb4_spanish2_ci NOT NULL,
  `dni` char(9) COLLATE utf8mb4_spanish2_ci NOT NULL,
  PRIMARY KEY (`idtrabajadores`)
) ENGINE=InnoDB AUTO_INCREMENT=13 DEFAULT CHARSET=utf8mb4 COLLATE=utf8mb4_spanish2_ci;
/*!40101 SET character_set_client = @saved_cs_client */;

--
-- Dumping data for table `trabajadores`
--

LOCK TABLES `trabajadores` WRITE;
/*!40000 ALTER TABLE `trabajadores` DISABLE KEYS */;
INSERT INTO `trabajadores` VALUES (1,'Jose Angel','Garcia Melo','71859635P'),(2,'Alberto','Romero Relai','78521252O'),(4,'Leticia','Sancho Villa','71285369G'),(6,'Federico ','Lopez Mans','52365321M'),(7,'Manolo','Rejillas Turbo','87896734T'),(8,'Rogelio','Diaz Antolin','21312312R'),(9,'Luis Maria','Ortega Diez','12121213R'),(10,'Otilio','Vicente Saez','78212254V'),(11,'Francisco','De la Torre Garcia','78556315B');
/*!40000 ALTER TABLE `trabajadores` ENABLE KEYS */;
UNLOCK TABLES;

--
-- Dumping events for database 'masajes'
--

--
-- Dumping routines for database 'masajes'
--
/*!50003 DROP PROCEDURE IF EXISTS `clientesDelete` */;
/*!50003 SET @saved_cs_client      = @@character_set_client */ ;
/*!50003 SET @saved_cs_results     = @@character_set_results */ ;
/*!50003 SET @saved_col_connection = @@collation_connection */ ;
/*!50003 SET character_set_client  = utf8mb4 */ ;
/*!50003 SET character_set_results = utf8mb4 */ ;
/*!50003 SET collation_connection  = utf8mb4_0900_ai_ci */ ;
/*!50003 SET @saved_sql_mode       = @@sql_mode */ ;
/*!50003 SET sql_mode              = 'STRICT_TRANS_TABLES,NO_ENGINE_SUBSTITUTION' */ ;
DELIMITER ;;
CREATE DEFINER=`root`@`localhost` PROCEDURE `clientesDelete`(IN _id INT)
BEGIN
	DELETE FROM clientes WHERE idclientes=_id;
END ;;
DELIMITER ;
/*!50003 SET sql_mode              = @saved_sql_mode */ ;
/*!50003 SET character_set_client  = @saved_cs_client */ ;
/*!50003 SET character_set_results = @saved_cs_results */ ;
/*!50003 SET collation_connection  = @saved_col_connection */ ;
/*!50003 DROP PROCEDURE IF EXISTS `clientesGetAll` */;
/*!50003 SET @saved_cs_client      = @@character_set_client */ ;
/*!50003 SET @saved_cs_results     = @@character_set_results */ ;
/*!50003 SET @saved_col_connection = @@collation_connection */ ;
/*!50003 SET character_set_client  = utf8mb4 */ ;
/*!50003 SET character_set_results = utf8mb4 */ ;
/*!50003 SET collation_connection  = utf8mb4_0900_ai_ci */ ;
/*!50003 SET @saved_sql_mode       = @@sql_mode */ ;
/*!50003 SET sql_mode              = 'STRICT_TRANS_TABLES,NO_ENGINE_SUBSTITUTION' */ ;
DELIMITER ;;
CREATE DEFINER=`root`@`localhost` PROCEDURE `clientesGetAll`()
BEGIN
	SELECT *
    FROM clientes;
END ;;
DELIMITER ;
/*!50003 SET sql_mode              = @saved_sql_mode */ ;
/*!50003 SET character_set_client  = @saved_cs_client */ ;
/*!50003 SET character_set_results = @saved_cs_results */ ;
/*!50003 SET collation_connection  = @saved_col_connection */ ;
/*!50003 DROP PROCEDURE IF EXISTS `clientesGetById` */;
/*!50003 SET @saved_cs_client      = @@character_set_client */ ;
/*!50003 SET @saved_cs_results     = @@character_set_results */ ;
/*!50003 SET @saved_col_connection = @@collation_connection */ ;
/*!50003 SET character_set_client  = utf8mb4 */ ;
/*!50003 SET character_set_results = utf8mb4 */ ;
/*!50003 SET collation_connection  = utf8mb4_0900_ai_ci */ ;
/*!50003 SET @saved_sql_mode       = @@sql_mode */ ;
/*!50003 SET sql_mode              = 'STRICT_TRANS_TABLES,NO_ENGINE_SUBSTITUTION' */ ;
DELIMITER ;;
CREATE DEFINER=`root`@`localhost` PROCEDURE `clientesGetById`(IN _id INT)
BEGIN
    SELECT 
        idclientes,
        nombre,
        apellidos,
        dni
    FROM
        clientes
	WHERE idclientes=_id;
END ;;
DELIMITER ;
/*!50003 SET sql_mode              = @saved_sql_mode */ ;
/*!50003 SET character_set_client  = @saved_cs_client */ ;
/*!50003 SET character_set_results = @saved_cs_results */ ;
/*!50003 SET collation_connection  = @saved_col_connection */ ;
/*!50003 DROP PROCEDURE IF EXISTS `clientesInsert` */;
/*!50003 SET @saved_cs_client      = @@character_set_client */ ;
/*!50003 SET @saved_cs_results     = @@character_set_results */ ;
/*!50003 SET @saved_col_connection = @@collation_connection */ ;
/*!50003 SET character_set_client  = utf8mb4 */ ;
/*!50003 SET character_set_results = utf8mb4 */ ;
/*!50003 SET collation_connection  = utf8mb4_0900_ai_ci */ ;
/*!50003 SET @saved_sql_mode       = @@sql_mode */ ;
/*!50003 SET sql_mode              = 'STRICT_TRANS_TABLES,NO_ENGINE_SUBSTITUTION' */ ;
DELIMITER ;;
CREATE DEFINER=`root`@`localhost` PROCEDURE `clientesInsert`(IN _nombre VARCHAR(45), IN _apellidos VARCHAR(90), IN _dni CHAR(9), OUT _id INT)
BEGIN
	INSERT INTO clientes (nombre, apellidos, dni) VALUES(_nombre, _apellidos, _dni);
    	-- MOSTRAMOS EL ID DEL CLIENTE AGREGADO
    SET _id = LAST_INSERT_ID();

END ;;
DELIMITER ;
/*!50003 SET sql_mode              = @saved_sql_mode */ ;
/*!50003 SET character_set_client  = @saved_cs_client */ ;
/*!50003 SET character_set_results = @saved_cs_results */ ;
/*!50003 SET collation_connection  = @saved_col_connection */ ;
/*!50003 DROP PROCEDURE IF EXISTS `clientesUpdate` */;
/*!50003 SET @saved_cs_client      = @@character_set_client */ ;
/*!50003 SET @saved_cs_results     = @@character_set_results */ ;
/*!50003 SET @saved_col_connection = @@collation_connection */ ;
/*!50003 SET character_set_client  = utf8mb4 */ ;
/*!50003 SET character_set_results = utf8mb4 */ ;
/*!50003 SET collation_connection  = utf8mb4_0900_ai_ci */ ;
/*!50003 SET @saved_sql_mode       = @@sql_mode */ ;
/*!50003 SET sql_mode              = 'STRICT_TRANS_TABLES,NO_ENGINE_SUBSTITUTION' */ ;
DELIMITER ;;
CREATE DEFINER=`root`@`localhost` PROCEDURE `clientesUpdate`(IN _id INT,IN _nombre VARCHAR(45), IN _apellidos VARCHAR(90), IN _dni CHAR(9))
BEGIN
	UPDATE clientes SET nombre=_nombre, apellidos=_apellidos, dni=_dni WHERE idclientes=_id;
END ;;
DELIMITER ;
/*!50003 SET sql_mode              = @saved_sql_mode */ ;
/*!50003 SET character_set_client  = @saved_cs_client */ ;
/*!50003 SET character_set_results = @saved_cs_results */ ;
/*!50003 SET collation_connection  = @saved_col_connection */ ;
/*!50003 DROP PROCEDURE IF EXISTS `serviciosDelete` */;
/*!50003 SET @saved_cs_client      = @@character_set_client */ ;
/*!50003 SET @saved_cs_results     = @@character_set_results */ ;
/*!50003 SET @saved_col_connection = @@collation_connection */ ;
/*!50003 SET character_set_client  = utf8 */ ;
/*!50003 SET character_set_results = utf8 */ ;
/*!50003 SET collation_connection  = utf8_general_ci */ ;
/*!50003 SET @saved_sql_mode       = @@sql_mode */ ;
/*!50003 SET sql_mode              = 'NO_AUTO_VALUE_ON_ZERO' */ ;
DELIMITER ;;
CREATE DEFINER=`root`@`localhost` PROCEDURE `serviciosDelete`(IN _id INT)
BEGIN
	DELETE FROM servicios WHERE idservicios=_id;
END ;;
DELIMITER ;
/*!50003 SET sql_mode              = @saved_sql_mode */ ;
/*!50003 SET character_set_client  = @saved_cs_client */ ;
/*!50003 SET character_set_results = @saved_cs_results */ ;
/*!50003 SET collation_connection  = @saved_col_connection */ ;
/*!50003 DROP PROCEDURE IF EXISTS `serviciosGetAll` */;
/*!50003 SET @saved_cs_client      = @@character_set_client */ ;
/*!50003 SET @saved_cs_results     = @@character_set_results */ ;
/*!50003 SET @saved_col_connection = @@collation_connection */ ;
/*!50003 SET character_set_client  = utf8 */ ;
/*!50003 SET character_set_results = utf8 */ ;
/*!50003 SET collation_connection  = utf8_general_ci */ ;
/*!50003 SET @saved_sql_mode       = @@sql_mode */ ;
/*!50003 SET sql_mode              = 'NO_AUTO_VALUE_ON_ZERO' */ ;
DELIMITER ;;
CREATE DEFINER=`root`@`localhost` PROCEDURE `serviciosGetAll`()
BEGIN
	SELECT *
    FROM servicios;
END ;;
DELIMITER ;
/*!50003 SET sql_mode              = @saved_sql_mode */ ;
/*!50003 SET character_set_client  = @saved_cs_client */ ;
/*!50003 SET character_set_results = @saved_cs_results */ ;
/*!50003 SET collation_connection  = @saved_col_connection */ ;
/*!50003 DROP PROCEDURE IF EXISTS `serviciosGetById` */;
/*!50003 SET @saved_cs_client      = @@character_set_client */ ;
/*!50003 SET @saved_cs_results     = @@character_set_results */ ;
/*!50003 SET @saved_col_connection = @@collation_connection */ ;
/*!50003 SET character_set_client  = utf8 */ ;
/*!50003 SET character_set_results = utf8 */ ;
/*!50003 SET collation_connection  = utf8_general_ci */ ;
/*!50003 SET @saved_sql_mode       = @@sql_mode */ ;
/*!50003 SET sql_mode              = 'NO_AUTO_VALUE_ON_ZERO' */ ;
DELIMITER ;;
CREATE DEFINER=`root`@`localhost` PROCEDURE `serviciosGetById`(IN _id INT)
BEGIN
    SELECT idservicios, nombre, precio
    FROM servicios
    WHERE idservicios=_id;
END ;;
DELIMITER ;
/*!50003 SET sql_mode              = @saved_sql_mode */ ;
/*!50003 SET character_set_client  = @saved_cs_client */ ;
/*!50003 SET character_set_results = @saved_cs_results */ ;
/*!50003 SET collation_connection  = @saved_col_connection */ ;
/*!50003 DROP PROCEDURE IF EXISTS `serviciosInsert` */;
/*!50003 SET @saved_cs_client      = @@character_set_client */ ;
/*!50003 SET @saved_cs_results     = @@character_set_results */ ;
/*!50003 SET @saved_col_connection = @@collation_connection */ ;
/*!50003 SET character_set_client  = utf8 */ ;
/*!50003 SET character_set_results = utf8 */ ;
/*!50003 SET collation_connection  = utf8_general_ci */ ;
/*!50003 SET @saved_sql_mode       = @@sql_mode */ ;
/*!50003 SET sql_mode              = 'NO_AUTO_VALUE_ON_ZERO' */ ;
DELIMITER ;;
CREATE DEFINER=`root`@`localhost` PROCEDURE `serviciosInsert`(IN _nombre VARCHAR(45), IN _precio DECIMAL, OUT _id INT)
BEGIN
	INSERT INTO servicios (nombre, precio) VALUES(_nombre, _precio);
    SET _id = LAST_INSERT_ID();

END ;;
DELIMITER ;
/*!50003 SET sql_mode              = @saved_sql_mode */ ;
/*!50003 SET character_set_client  = @saved_cs_client */ ;
/*!50003 SET character_set_results = @saved_cs_results */ ;
/*!50003 SET collation_connection  = @saved_col_connection */ ;
/*!50003 DROP PROCEDURE IF EXISTS `serviciosUpdate` */;
/*!50003 SET @saved_cs_client      = @@character_set_client */ ;
/*!50003 SET @saved_cs_results     = @@character_set_results */ ;
/*!50003 SET @saved_col_connection = @@collation_connection */ ;
/*!50003 SET character_set_client  = utf8 */ ;
/*!50003 SET character_set_results = utf8 */ ;
/*!50003 SET collation_connection  = utf8_general_ci */ ;
/*!50003 SET @saved_sql_mode       = @@sql_mode */ ;
/*!50003 SET sql_mode              = 'NO_AUTO_VALUE_ON_ZERO' */ ;
DELIMITER ;;
CREATE DEFINER=`root`@`localhost` PROCEDURE `serviciosUpdate`(IN _id INT,IN _nombre VARCHAR(45), IN _precio DECIMAL)
BEGIN
	UPDATE servicios SET nombre=_nombre, precio=_precio WHERE idservicios=_id;
END ;;
DELIMITER ;
/*!50003 SET sql_mode              = @saved_sql_mode */ ;
/*!50003 SET character_set_client  = @saved_cs_client */ ;
/*!50003 SET character_set_results = @saved_cs_results */ ;
/*!50003 SET collation_connection  = @saved_col_connection */ ;
/*!50003 DROP PROCEDURE IF EXISTS `sesionesDelete` */;
/*!50003 SET @saved_cs_client      = @@character_set_client */ ;
/*!50003 SET @saved_cs_results     = @@character_set_results */ ;
/*!50003 SET @saved_col_connection = @@collation_connection */ ;
/*!50003 SET character_set_client  = utf8 */ ;
/*!50003 SET character_set_results = utf8 */ ;
/*!50003 SET collation_connection  = utf8_general_ci */ ;
/*!50003 SET @saved_sql_mode       = @@sql_mode */ ;
/*!50003 SET sql_mode              = 'NO_AUTO_VALUE_ON_ZERO' */ ;
DELIMITER ;;
CREATE DEFINER=`root`@`localhost` PROCEDURE `sesionesDelete`(IN _id INT)
BEGIN
	DELETE FROM sesiones WHERE id=_id;
END ;;
DELIMITER ;
/*!50003 SET sql_mode              = @saved_sql_mode */ ;
/*!50003 SET character_set_client  = @saved_cs_client */ ;
/*!50003 SET character_set_results = @saved_cs_results */ ;
/*!50003 SET collation_connection  = @saved_col_connection */ ;
/*!50003 DROP PROCEDURE IF EXISTS `sesionesGetAll` */;
/*!50003 SET @saved_cs_client      = @@character_set_client */ ;
/*!50003 SET @saved_cs_results     = @@character_set_results */ ;
/*!50003 SET @saved_col_connection = @@collation_connection */ ;
/*!50003 SET character_set_client  = utf8 */ ;
/*!50003 SET character_set_results = utf8 */ ;
/*!50003 SET collation_connection  = utf8_general_ci */ ;
/*!50003 SET @saved_sql_mode       = @@sql_mode */ ;
/*!50003 SET sql_mode              = 'NO_AUTO_VALUE_ON_ZERO' */ ;
DELIMITER ;;
CREATE DEFINER=`root`@`localhost` PROCEDURE `sesionesGetAll`()
BEGIN
	SELECT *
    FROM sesiones;
END ;;
DELIMITER ;
/*!50003 SET sql_mode              = @saved_sql_mode */ ;
/*!50003 SET character_set_client  = @saved_cs_client */ ;
/*!50003 SET character_set_results = @saved_cs_results */ ;
/*!50003 SET collation_connection  = @saved_col_connection */ ;
/*!50003 DROP PROCEDURE IF EXISTS `sesionesGetById` */;
/*!50003 SET @saved_cs_client      = @@character_set_client */ ;
/*!50003 SET @saved_cs_results     = @@character_set_results */ ;
/*!50003 SET @saved_col_connection = @@collation_connection */ ;
/*!50003 SET character_set_client  = utf8 */ ;
/*!50003 SET character_set_results = utf8 */ ;
/*!50003 SET collation_connection  = utf8_general_ci */ ;
/*!50003 SET @saved_sql_mode       = @@sql_mode */ ;
/*!50003 SET sql_mode              = 'NO_AUTO_VALUE_ON_ZERO' */ ;
DELIMITER ;;
CREATE DEFINER=`root`@`localhost` PROCEDURE `sesionesGetById`(IN _id INT)
BEGIN
	SELECT *
    FROM sesiones
    WHERE id=_id;
END ;;
DELIMITER ;
/*!50003 SET sql_mode              = @saved_sql_mode */ ;
/*!50003 SET character_set_client  = @saved_cs_client */ ;
/*!50003 SET character_set_results = @saved_cs_results */ ;
/*!50003 SET collation_connection  = @saved_col_connection */ ;
/*!50003 DROP PROCEDURE IF EXISTS `sesionesInsert` */;
/*!50003 SET @saved_cs_client      = @@character_set_client */ ;
/*!50003 SET @saved_cs_results     = @@character_set_results */ ;
/*!50003 SET @saved_col_connection = @@collation_connection */ ;
/*!50003 SET character_set_client  = utf8 */ ;
/*!50003 SET character_set_results = utf8 */ ;
/*!50003 SET collation_connection  = utf8_general_ci */ ;
/*!50003 SET @saved_sql_mode       = @@sql_mode */ ;
/*!50003 SET sql_mode              = 'NO_AUTO_VALUE_ON_ZERO' */ ;
DELIMITER ;;
CREATE DEFINER=`root`@`localhost` PROCEDURE `sesionesInsert`(IN _idclientes INT, IN _idtrabajadores INT, IN _idservicios INT, IN _fecha DATETIME, IN _resena TEXT, IN _calificacion VARCHAR(15), OUT _id INT)
BEGIN
	INSERT INTO sesiones (clientes_idclientes, trabajadores_idtrabajadores, servicios_idservicios, fecha, resena, calificacion) VALUES(_idclientes, _idtrabajadores, _idservicios, _fecha, _resena, _calificacion);
	SET _id=LAST_INSERT_ID();
END ;;
DELIMITER ;
/*!50003 SET sql_mode              = @saved_sql_mode */ ;
/*!50003 SET character_set_client  = @saved_cs_client */ ;
/*!50003 SET character_set_results = @saved_cs_results */ ;
/*!50003 SET collation_connection  = @saved_col_connection */ ;
/*!50003 DROP PROCEDURE IF EXISTS `sesionesUpdate` */;
/*!50003 SET @saved_cs_client      = @@character_set_client */ ;
/*!50003 SET @saved_cs_results     = @@character_set_results */ ;
/*!50003 SET @saved_col_connection = @@collation_connection */ ;
/*!50003 SET character_set_client  = utf8 */ ;
/*!50003 SET character_set_results = utf8 */ ;
/*!50003 SET collation_connection  = utf8_general_ci */ ;
/*!50003 SET @saved_sql_mode       = @@sql_mode */ ;
/*!50003 SET sql_mode              = 'NO_AUTO_VALUE_ON_ZERO' */ ;
DELIMITER ;;
CREATE DEFINER=`root`@`localhost` PROCEDURE `sesionesUpdate`(IN _id INT, IN _idclientes INT, IN _idtrabajadores INT, IN _idservicios INT, IN _fecha DATETIME, IN _resena TEXT, IN _calificacion VARCHAR(15))
BEGIN
	UPDATE sesiones SET clientes_idclientes=_idclientes, trabajadores_idtrabajadores=_idtrabajadores, servicios_idservicios=_idservicios, fecha=_fecha, resena=_resena, calificacion=_calificacion WHERE id=_id;
END ;;
DELIMITER ;
/*!50003 SET sql_mode              = @saved_sql_mode */ ;
/*!50003 SET character_set_client  = @saved_cs_client */ ;
/*!50003 SET character_set_results = @saved_cs_results */ ;
/*!50003 SET collation_connection  = @saved_col_connection */ ;
/*!50003 DROP PROCEDURE IF EXISTS `trabajadoresDelete` */;
/*!50003 SET @saved_cs_client      = @@character_set_client */ ;
/*!50003 SET @saved_cs_results     = @@character_set_results */ ;
/*!50003 SET @saved_col_connection = @@collation_connection */ ;
/*!50003 SET character_set_client  = utf8 */ ;
/*!50003 SET character_set_results = utf8 */ ;
/*!50003 SET collation_connection  = utf8_general_ci */ ;
/*!50003 SET @saved_sql_mode       = @@sql_mode */ ;
/*!50003 SET sql_mode              = 'NO_AUTO_VALUE_ON_ZERO' */ ;
DELIMITER ;;
CREATE DEFINER=`root`@`localhost` PROCEDURE `trabajadoresDelete`(IN _id INT)
BEGIN
	DELETE FROM trabajadores WHERE idtrabajadores=_id;
END ;;
DELIMITER ;
/*!50003 SET sql_mode              = @saved_sql_mode */ ;
/*!50003 SET character_set_client  = @saved_cs_client */ ;
/*!50003 SET character_set_results = @saved_cs_results */ ;
/*!50003 SET collation_connection  = @saved_col_connection */ ;
/*!50003 DROP PROCEDURE IF EXISTS `trabajadoresGetAll` */;
/*!50003 SET @saved_cs_client      = @@character_set_client */ ;
/*!50003 SET @saved_cs_results     = @@character_set_results */ ;
/*!50003 SET @saved_col_connection = @@collation_connection */ ;
/*!50003 SET character_set_client  = utf8 */ ;
/*!50003 SET character_set_results = utf8 */ ;
/*!50003 SET collation_connection  = utf8_general_ci */ ;
/*!50003 SET @saved_sql_mode       = @@sql_mode */ ;
/*!50003 SET sql_mode              = 'NO_AUTO_VALUE_ON_ZERO' */ ;
DELIMITER ;;
CREATE DEFINER=`root`@`localhost` PROCEDURE `trabajadoresGetAll`()
BEGIN
	SELECT *
    FROM trabajadores;
END ;;
DELIMITER ;
/*!50003 SET sql_mode              = @saved_sql_mode */ ;
/*!50003 SET character_set_client  = @saved_cs_client */ ;
/*!50003 SET character_set_results = @saved_cs_results */ ;
/*!50003 SET collation_connection  = @saved_col_connection */ ;
/*!50003 DROP PROCEDURE IF EXISTS `trabajadoresGetById` */;
/*!50003 SET @saved_cs_client      = @@character_set_client */ ;
/*!50003 SET @saved_cs_results     = @@character_set_results */ ;
/*!50003 SET @saved_col_connection = @@collation_connection */ ;
/*!50003 SET character_set_client  = utf8 */ ;
/*!50003 SET character_set_results = utf8 */ ;
/*!50003 SET collation_connection  = utf8_general_ci */ ;
/*!50003 SET @saved_sql_mode       = @@sql_mode */ ;
/*!50003 SET sql_mode              = 'NO_AUTO_VALUE_ON_ZERO' */ ;
DELIMITER ;;
CREATE DEFINER=`root`@`localhost` PROCEDURE `trabajadoresGetById`(IN _id INT)
BEGIN
    SELECT idtrabajadores, nombre, apellidos, dni
    FROM trabajadores
    WHERE idtrabajadores=_id;
END ;;
DELIMITER ;
/*!50003 SET sql_mode              = @saved_sql_mode */ ;
/*!50003 SET character_set_client  = @saved_cs_client */ ;
/*!50003 SET character_set_results = @saved_cs_results */ ;
/*!50003 SET collation_connection  = @saved_col_connection */ ;
/*!50003 DROP PROCEDURE IF EXISTS `trabajadoresInsert` */;
/*!50003 SET @saved_cs_client      = @@character_set_client */ ;
/*!50003 SET @saved_cs_results     = @@character_set_results */ ;
/*!50003 SET @saved_col_connection = @@collation_connection */ ;
/*!50003 SET character_set_client  = utf8 */ ;
/*!50003 SET character_set_results = utf8 */ ;
/*!50003 SET collation_connection  = utf8_general_ci */ ;
/*!50003 SET @saved_sql_mode       = @@sql_mode */ ;
/*!50003 SET sql_mode              = 'NO_AUTO_VALUE_ON_ZERO' */ ;
DELIMITER ;;
CREATE DEFINER=`root`@`localhost` PROCEDURE `trabajadoresInsert`(IN _nombre VARCHAR(45), IN _apellidos VARCHAR(90), IN _dni CHAR(9), OUT _id INT)
BEGIN
	INSERT INTO trabajadores(nombre, apellidos, dni) VALUES(_nombre, _apellidos, _dni);
    SET _id = LAST_INSERT_ID();
END ;;
DELIMITER ;
/*!50003 SET sql_mode              = @saved_sql_mode */ ;
/*!50003 SET character_set_client  = @saved_cs_client */ ;
/*!50003 SET character_set_results = @saved_cs_results */ ;
/*!50003 SET collation_connection  = @saved_col_connection */ ;
/*!50003 DROP PROCEDURE IF EXISTS `trabajadoresUpdate` */;
/*!50003 SET @saved_cs_client      = @@character_set_client */ ;
/*!50003 SET @saved_cs_results     = @@character_set_results */ ;
/*!50003 SET @saved_col_connection = @@collation_connection */ ;
/*!50003 SET character_set_client  = utf8 */ ;
/*!50003 SET character_set_results = utf8 */ ;
/*!50003 SET collation_connection  = utf8_general_ci */ ;
/*!50003 SET @saved_sql_mode       = @@sql_mode */ ;
/*!50003 SET sql_mode              = 'NO_AUTO_VALUE_ON_ZERO' */ ;
DELIMITER ;;
CREATE DEFINER=`root`@`localhost` PROCEDURE `trabajadoresUpdate`(IN _id INT,IN _nombre VARCHAR(45), IN _apellidos VARCHAR(90), IN _dni CHAR(9))
BEGIN
	UPDATE trabajadores SET nombre=_nombre, apellidos=_apellidos, dni=_dni WHERE idtrabajadores=_id;
END ;;
DELIMITER ;
/*!50003 SET sql_mode              = @saved_sql_mode */ ;
/*!50003 SET character_set_client  = @saved_cs_client */ ;
/*!50003 SET character_set_results = @saved_cs_results */ ;
/*!50003 SET collation_connection  = @saved_col_connection */ ;

--
-- Final view structure for view `clientes_vip_y_servicios`
--

/*!50001 DROP VIEW IF EXISTS `clientes_vip_y_servicios`*/;
/*!50001 SET @saved_cs_client          = @@character_set_client */;
/*!50001 SET @saved_cs_results         = @@character_set_results */;
/*!50001 SET @saved_col_connection     = @@collation_connection */;
/*!50001 SET character_set_client      = utf8mb4 */;
/*!50001 SET character_set_results     = utf8mb4 */;
/*!50001 SET collation_connection      = utf8mb4_0900_ai_ci */;
/*!50001 CREATE ALGORITHM=UNDEFINED */
/*!50013 DEFINER=`root`@`localhost` SQL SECURITY DEFINER */
/*!50001 VIEW `clientes_vip_y_servicios` AS select `c`.`idclientes` AS `idcliente`,`c`.`nombre` AS `cnombre`,`c`.`apellidos` AS `capellidos`,`s`.`idservicios` AS `idservicio`,`s`.`nombre` AS `snombre`,`s`.`precio` AS `sprecio` from ((`clientes` `c` join `sesiones` `ses` on((`c`.`idclientes` = `ses`.`clientes_idclientes`))) join `servicios` `s` on((`s`.`idservicios` = `ses`.`servicios_idservicios`))) where (`c`.`dni` like '%A') */;
/*!50001 SET character_set_client      = @saved_cs_client */;
/*!50001 SET character_set_results     = @saved_cs_results */;
/*!50001 SET collation_connection      = @saved_col_connection */;

--
-- Final view structure for view `clientes_vip_y_serviciosdni`
--

/*!50001 DROP VIEW IF EXISTS `clientes_vip_y_serviciosdni`*/;
/*!50001 SET @saved_cs_client          = @@character_set_client */;
/*!50001 SET @saved_cs_results         = @@character_set_results */;
/*!50001 SET @saved_col_connection     = @@collation_connection */;
/*!50001 SET character_set_client      = utf8mb4 */;
/*!50001 SET character_set_results     = utf8mb4 */;
/*!50001 SET collation_connection      = utf8mb4_0900_ai_ci */;
/*!50001 CREATE ALGORITHM=UNDEFINED */
/*!50013 DEFINER=`root`@`localhost` SQL SECURITY DEFINER */
/*!50001 VIEW `clientes_vip_y_serviciosdni` AS select `c`.`idclientes` AS `idcliente`,`c`.`nombre` AS `cnombre`,`c`.`apellidos` AS `capellidos`,`s`.`idservicios` AS `idservicio`,`s`.`nombre` AS `snombre`,`s`.`precio` AS `sprecio` from ((`clientes` `c` join `sesiones` `ses` on((`c`.`idclientes` = `ses`.`clientes_idclientes`))) join `servicios` `s` on((`s`.`idservicios` = `ses`.`servicios_idservicios`))) where (`c`.`dni` like '%A') */;
/*!50001 SET character_set_client      = @saved_cs_client */;
/*!50001 SET character_set_results     = @saved_cs_results */;
/*!50001 SET collation_connection      = @saved_col_connection */;

--
-- Final view structure for view `clientesgetall`
--

/*!50001 DROP VIEW IF EXISTS `clientesgetall`*/;
/*!50001 SET @saved_cs_client          = @@character_set_client */;
/*!50001 SET @saved_cs_results         = @@character_set_results */;
/*!50001 SET @saved_col_connection     = @@collation_connection */;
/*!50001 SET character_set_client      = utf8mb4 */;
/*!50001 SET character_set_results     = utf8mb4 */;
/*!50001 SET collation_connection      = utf8mb4_0900_ai_ci */;
/*!50001 CREATE ALGORITHM=UNDEFINED */
/*!50013 DEFINER=`root`@`localhost` SQL SECURITY DEFINER */
/*!50001 VIEW `clientesgetall` AS select `clientes`.`idclientes` AS `idclientes`,`clientes`.`nombre` AS `nombre`,`clientes`.`apellidos` AS `apellidos`,`clientes`.`dni` AS `dni` from `clientes` */;
/*!50001 SET character_set_client      = @saved_cs_client */;
/*!50001 SET character_set_results     = @saved_cs_results */;
/*!50001 SET collation_connection      = @saved_col_connection */;
/*!40103 SET TIME_ZONE=@OLD_TIME_ZONE */;

/*!40101 SET SQL_MODE=@OLD_SQL_MODE */;
/*!40014 SET FOREIGN_KEY_CHECKS=@OLD_FOREIGN_KEY_CHECKS */;
/*!40014 SET UNIQUE_CHECKS=@OLD_UNIQUE_CHECKS */;
/*!40101 SET CHARACTER_SET_CLIENT=@OLD_CHARACTER_SET_CLIENT */;
/*!40101 SET CHARACTER_SET_RESULTS=@OLD_CHARACTER_SET_RESULTS */;
/*!40101 SET COLLATION_CONNECTION=@OLD_COLLATION_CONNECTION */;
/*!40111 SET SQL_NOTES=@OLD_SQL_NOTES */;

-- Dump completed on 2020-02-26 14:34:49
